symbol,date,close,ret_1d,ret_3d,ret_5d,vol_10d,mom_20d,sma_10,price_sma10_z,pct_1w,pct_1m,rel_volume,revenueGrowth,earningsQuarterlyGrowth,pegRatio,trailingPE,sector,industry,pred_ret,avg_ret
XPRO,2026-06-08,16.2549991607666,0.056892005189526085,0.062418232557281295,0.07506609019829047,0.046489051012211215,0.05757965398809284,15.458500003814697,0.8536926519705018,5.0715,5.1399,0.071,-0.06,,0.74,50.5,Energy,Oil & Gas Equipment & Services,-0.007962671478742571,0.06479210931503261
WSBC,2026-06-08,35.68000030517578,0.03751093162030239,0.0733738325007196,0.06450564376013346,0.02096573077479238,0.05362431047143934,34.25748252868652,1.4264461777848731,4.1227,5.1262,0.5774,1.077,,1.23,10.9202,Financial Services,Banks - Regional,0.003237620442859852,0.058463469293718484
WASH,2026-06-08,34.08000183105469,0.020359289644011014,0.07984798503662005,0.05937220300973345,0.023371845462975077,0.05412928861386668,32.704000282287595,0.8782561709225508,3.4614,4.9335,0.0597,-0.07,0.035,2.76,12.3814,Financial Services,Banks - Regional,0.030164874981340378,0.0531931592301215
VVV,2026-06-08,36.31999969482422,0.016512738879004285,0.0481961932295456,0.08644927799181001,0.013493136122701872,0.019651902973889745,34.579000091552736,1.7389982516373725,6.9829,1.9371,0.0379,0.25,0.191,1.1,48.4133,Consumer Cyclical,Auto & Truck Dealerships,0.0024320504083886075,0.0503860700334533
WMK,2026-06-08,79.1500015258789,0.011889546032500364,0.07176713827035575,0.06527588526130423,0.015929602257133916,0.12237658438129317,74.78200149536133,1.4890771198082724,6.628,12.2377,0.0141,0.046,0.425,1.38,19.5432,Consumer Defensive,Grocery Stores,-0.01859336197272737,0.04964418985472011
XRX,2026-06-08,3.369999885559082,0.015060226904115348,0.03692304171048688,0.09061487998941997,0.04592922448963724,0.21223018713714592,3.2199999570846556,0.20288322627612088,3.4954,22.482,0.1266,0.267,,0.15,,Industrials,Business Equipment & Supplies,-0.0715602906442882,0.04753271620134073
WD,2026-06-08,51.584999084472656,0.006536567501905566,0.0675703520337183,0.06734941299601727,0.030575978696913458,-0.04229736484603963,50.266500091552736,0.3978553233420292,3.5635,-4.2297,0.0194,0.32,4.763,1.09,25.5371,Financial Services,Mortgage Finance,-0.03830508312772678,0.04715211084388038
VVX,2026-06-08,86.93000030517578,0.023428276507788892,0.05064059160727852,0.03896261751611263,0.015496477952081674,0.24043946966129104,82.22599945068359,0.8114901357625024,4.6984,24.3293,0.0398,0.234,1.334,0.2333,31.1179,Industrials,Aerospace & Defense,-0.02299090517073938,0.037677161877060016
XHR,2026-06-08,18.530000686645508,0.007612903841414775,0.043355881072088875,0.05764841338427429,0.012542019978107109,0.08807985552086683,17.794000244140626,0.6387542153067233,4.3356,8.808,0.0593,0.022,0.269,0.9841,26.4714,Real Estate,REIT - Hotel & Motel,0.005720718105957093,0.03620573276592598
XERS,2026-06-08,6.260000228881836,0.012945048991161556,0.06281839911432963,0.031301491243361124,0.02056351481341215,-0.0413476220905723,6.152000045776367,0.3405266875793769,4.3333,-4.1348,0.0644,0.383,,,89.4286,Healthcare,Drug Manufacturers - Specialty & Generic,-0.021083402715624415,0.0356883131162841
WABC,2026-06-08,57.529998779296875,0.016790330814743237,0.04638048851021925,0.04315498073560642,0.012331370542755161,0.04886053563775827,55.885000228881836,0.8204195943610129,3.0819,4.8861,0.0454,-0.067,-0.119,4.62,12.8129,Financial Services,Banks - Regional,0.00454097840145979,0.03544193335352297
WFC,2026-06-08,81.97000122070312,0.0003661066439231142,0.04181495809311686,0.06220037794026312,0.017013638080163897,0.08368590536928222,78.8640007019043,1.0117164444852453,3.1156,8.2959,0.0598,0.057,0.073,1.45,12.6607,Financial Services,Banks - Diversified,0.00012360297571554991,0.034793814225767696
WDFC,2026-06-08,206.4949951171875,0.015266216317699088,0.040015068966574585,0.04899664066355158,0.013995726213303236,-0.007474202892385762,201.9384994506836,0.5869666306961734,3.6309,-0.7474,0.0574,0.107,-0.319,3.76,34.9992,Basic Materials,Specialty Chemicals,-0.009493608530796348,0.03475930864927509
WWD,2026-06-08,361.760009765625,0.01123726628553956,0.03351144481111801,0.05852059757873884,0.01815227710981911,-0.021206292041908048,354.0799987792969,0.5271078858954639,4.9478,-2.122,0.0512,0.234,0.23,2.27,43.3759,Industrials,Aerospace & Defense,0.018254385724641123,0.034423102891798806
WERN,2026-06-08,44.38999938964844,0.021398995047564373,0.03160587146021254,0.04397927826323267,0.009595437957354444,0.2188358490226121,42.43299942016601,0.39046144823722,3.0937,21.6914,0.0499,0.136,,3.83,,Industrials,Trucking,-0.00566506641223209,0.032328048257003195
ZBH,2026-06-08,87.76499938964844,0.004981078088550639,0.03277236905978076,0.058174545529472876,0.012760816023965844,0.06601478729159549,84.55750122070313,0.6990639358893759,4.8955,6.7047,0.0733,0.093,0.308,0.62,22.7591,Healthcare,Medical Devices,-0.006847643752881275,0.03197599755926809
WBI,2026-06-08,30.299999237060547,0.029211911936212198,0.014056163116857867,0.04802145610612896,0.029080784087369586,0.1097148139793982,29.85419578552246,0.21911928092769611,1.4036,11.1546,0.0178,1.053,1.054,4.1136,433.5714,Energy,Oil & Gas Equipment & Services,0.02380356675973216,0.030429843719733007
ZION,2026-06-08,63.5,0.004270132211266597,0.04509548640813166,0.03962013910279416,0.017258654519229647,0.023724294724267736,62.33900032043457,0.37362388591271106,2.3702,2.3563,0.0893,0.102,0.371,3.46,9.8587,Financial Services,Banks - Regional,-0.0024686352916614453,0.029661919240730805
WTFC,2026-06-08,153.5749969482422,0.004414670233504392,0.037528661771662586,0.04415960726359014,0.015138262407074877,0.016573535975536124,150.71850128173827,0.4136025567430871,2.4051,1.7467,0.0581,0.104,0.203,1.17,12.8843,Financial Services,Banks - Regional,0.008878894831161058,0.02870097975625237
WAFD,2026-06-08,36.02000045776367,0.012651132043864921,0.042245342200738056,0.029142870221819273,0.01618516307315705,0.020997073930058674,35.47299995422363,0.293927260385308,1.8953,2.0997,0.0395,0.092,0.165,1.85,11.8098,Financial Services,Banks - Regional,-0.006939381406414501,0.02801311482214075
WSFS,2026-06-08,72.4800033569336,0.009892806842367152,0.040034449961070306,0.030130794886180423,0.015087320805309452,0.010878750932924897,71.51399993896484,0.30192471341535676,1.5837,1.0879,0.046,0.161,0.318,0.98,12.9198,Financial Services,Banks - Regional,0.020420492427697987,0.026686017229872627
XRN,2026-06-08,36.22999954223633,0.009192144911736033,0.03900202615458048,0.029846481749634002,0.01596190075736781,0.0737184846327592,35.96700019836426,0.18933326068500064,1.7421,7.3126,0.0531,0.101,-0.516,5.09,,Real Estate,REIT - Healthcare Facilities,-0.008349677429773496,0.02601355093865017
WELL,2026-06-08,206.38999938964844,-0.0026095457654554677,0.03406985909376914,0.04575394584196846,0.021463698476441605,-0.03510880727001131,205.43999938964845,0.12494715552581913,5.4057,-3.7353,0.0372,0.383,1.825,3.66,99.4734,Real Estate,REIT - Healthcare Facilities,0.008152187111631931,0.025738086390094044
WTW,2026-06-08,263.67999267578125,0.000531168423467232,0.05060163026709574,0.025832492647536398,0.01762170154093768,0.02855362670652517,256.2309997558594,0.4140852897132087,2.8353,2.8554,0.0716,0.085,0.264,1.27,15.4994,Financial Services,Insurance Brokers,-0.015003859147088182,0.025655097112699792
WCN,2026-06-08,155.67999267578125,0.0029634805531542074,0.03174493541989776,0.041268131868356095,0.011582996583748678,0.025424747499315448,151.96299743652344,0.7287472427888018,4.447,2.5688,0.0731,0.064,-0.092,2.53,37.9805,Industrials,Waste Management,-0.01822121332992078,0.02532551594713602
WAL,2026-06-08,80.73999786376953,0.00736115192337361,0.03845656416423826,0.02984689148402908,0.02042222333481503,-0.008609643512700882,79.42699966430663,0.27666196181783004,0.6733,-0.861,0.0232,0.079,-0.085,1.47,9.3993,Financial Services,Banks - Regional,0.027162057966651134,0.02522153585721365
VTS,2026-06-08,18.100000381469727,0.027241743437806276,0.025495794485287604,0.02086863219324875,0.02577997722334764,0.01628303897941752,17.61299991607666,0.8308412700903374,-0.7675,1.6283,0.0688,0.022,,,,Energy,Oil & Gas E&P,-0.007656159889294847,0.024535390038780875
WRB,2026-06-08,67.63999938964844,-0.013562787068905013,0.035993236960764285,0.05112666656628506,0.01890820437324224,0.029841642438576566,65.78000030517578,1.5529479743424985,3.5977,2.8091,0.1021,0.04,0.234,4.01,14.3061,Financial Services,Insurance - Property & Casualty,0.007110445376125579,0.024519038819381445
WMT,2026-06-08,119.56999969482422,0.005804192945389808,0.022927541442121946,0.04336824857659538,0.016720013417346066,-0.08326300383955754,117.24999923706055,0.45180944735821454,5.8641,-8.2343,0.1779,0.073,0.188,4.68,42.1444,Consumer Defensive,Discount Stores,0.004878206679941937,0.02403332765470238
WKC,2026-06-08,30.110000610351562,0.009386546676555252,0.031164377521766262,0.029049910280954494,0.013923683593109179,0.11230147579604854,29.236000061035156,0.3298242649603264,4.5123,11.2301,0.1196,0.025,,1.32,,Energy,Oil & Gas Refining & Marketing,-0.008271303861151671,0.02320027815975867
VTRS,2026-06-08,16.100000381469727,0.013853920997692226,0.03470436679244826,0.018342818099688518,0.015701700395341925,-0.055431630379853325,15.986000251770019,0.08307366833679682,2.5494,-5.6018,0.0395,0.081,,0.15,,Healthcare,Drug Manufacturers - Specialty & Generic,0.019612527006598462,0.022300368629943
XPO,2026-06-08,224.21499633789062,0.024093330764879628,0.025264044239812433,0.013584329518647742,0.017236958128348252,0.09640585006303493,217.12250061035155,0.5483479475491718,3.3535,9.6406,0.0268,0.073,0.464,2.42,77.0498,Industrials,Trucking,0.07079409849495406,0.0209805681744466
YETI,2026-06-08,48.154998779296875,0.016571666985699007,0.026321412160006608,0.016357064029346002,0.017836486732864656,0.15952324090369663,47.15149993896485,0.2618934069088407,4.3968,16.0607,0.0552,0.083,-0.407,1.27,24.5918,Consumer Cyclical,Leisure,-0.014601579758756936,0.019750047725017206
ZGN,2026-06-08,14.899999618530273,0.017064846860731953,0.01154107817902461,0.028295366037847103,0.02333114185930337,0.13221882912561989,14.599999904632568,0.18731036678643576,2.0548,13.2219,0.2173,0.003,0.067,5.0543,33.8636,Consumer Cyclical,Apparel Manufacturing,0.0006139979239060411,0.01896709702586789
XOM,2026-06-08,153.44000244140625,0.02347921768578365,0.005966063524501131,0.027178989328449976,0.01936428967002543,0.06855827935645364,149.67999877929688,0.5896620354894532,2.6432,6.9068,0.0957,0.026,-0.458,1.38,25.844,Energy,Oil & Gas Integrated,0.02085698786477768,0.018874756846244917
WEC,2026-06-08,112.48500061035156,-0.004116833558691524,0.022126283426348925,0.03577350083624764,0.011996072707188204,0.01601832902872391,111.43950042724609,0.47287864688871356,2.023,1.5793,0.0492,0.09,0.111,2.51,22.5371,Utilities,Utilities - Regulated Electric,-0.0002104743575119794,0.017927650234635013
ZIM,2026-06-08,25.260000228881836,0.0007924111705641668,0.03102041750538098,0.021844697836848948,0.0294061846640239,-0.05073282038725557,24.844999885559083,0.5344464523802791,0.238,-5.0357,0.1266,-0.304,,,30.8171,Industrials,Marine Shipping,0.013808337296559205,0.017885842170931365
ZKH,2026-06-08,2.930000066757202,0.035335740546661,0.010344817380417926,0.006872845476499245,0.03043782335911446,-0.023333311080932617,2.8570000171661376,0.4431115149680137,1.6111,-2.4533,0.111,0.092,,,,Consumer Cyclical,Internet Retail,-0.023958427723531704,0.017517801134526056
WSO,2026-06-08,372.43499755859375,0.0028407363398956775,0.011062581086656476,0.036066977199386674,0.01768593097636584,-0.1145149972562477,370.0135009765625,0.08165641043599153,2.3567,-11.4515,0.0248,0.001,-0.012,1.47,30.5776,Industrials,Industrial Distribution,-0.020731790869922842,0.01665676487531294
WTTR,2026-06-08,18.75,0.04108827105573609,-0.012117995141386007,0.02013062329312776,0.0320266589839295,0.11607147925565253,18.626999855041504,0.06822983240434995,-0.6363,11.5476,0.0487,-0.023,0.045,19.8201,89.1905,Energy,Oil & Gas Equipment & Services,0.011907111108441212,0.016366966402492616
WM,2026-06-08,219.74000549316406,-0.0029945028203144375,0.012349842202592276,0.03850302889003587,0.012118389164353996,0.024712270925888236,215.11053314208985,0.6680657892685605,4.1677,2.5039,0.0649,0.035,0.135,2.24,31.7645,Industrials,Waste Management,-0.0030306901305654087,0.01595278942410457
YORW,2026-06-08,30.190000534057617,-0.0029722638886062747,0.02826975158213796,0.022350146700490292,0.012153812525678518,0.019243743371851085,29.84400043487549,0.41460320952490964,0.8353,1.8906,0.0298,0.088,0.323,4.1,20.5306,Utilities,Utilities - Regulated Water,0.043341462662785074,0.015882544798007325
WOLF,2026-06-08,57.18000030517578,0.038503430421510165,-0.07280684282605554,0.07988667575614028,0.10788627913000408,0.22703867333665695,61.60699996948242,-0.22910723312640355,-6.8703,22.0279,0.3171,-0.19,,,,Technology,Semiconductors,-0.04947164272816009,0.015194421117198301
WPC,2026-06-08,74.72000122070312,0.0030877079276365738,0.015493331901050622,0.0253876547878662,0.009292097375824749,0.00836710876314739,74.12900009155274,0.22927396573927347,1.301,0.8772,0.0814,0.089,0.401,1.47,31.9444,Real Estate,REIT - Diversified,0.006713278201267532,0.01465623153885113
WMB,2026-06-08,72.2300033569336,0.0037521439118417543,0.007954223635151747,0.031267881393198804,0.016560877152923714,0.0037521439118417543,72.48600006103516,-0.11544532593671013,1.2972,0.3822,0.0386,0.09,0.252,2.23,31.682,Energy,Oil & Gas Midstream,-0.00992618787142939,0.014324749646730769
XRAY,2026-06-08,10.024999618530273,0.002499961853027255,0.039937682727801294,0.0004989182173866791,0.02343171067758843,-0.08863639831542969,10.014500045776368,0.01236124859766723,2.059,-8.7964,0.0664,0.001,,0.71,,Healthcare,Medical Instruments & Supplies,0.02119424077187746,0.014312187599405076
WTS,2026-06-08,316.260009765625,0.006524357487976085,0.005116846974007272,0.030229977350903825,0.012400303827854172,0.06738358357240748,312.14882202148436,0.5254514017567692,1.9306,6.7384,0.0355,0.214,0.346,3.42,28.935,Industrials,Specialty Industrial Machinery,0.0202880237966943,0.013957060604295727
XEL,2026-06-08,78.66500091552734,-0.0047444331434254305,0.01647501661628703,0.029511806639739735,0.017112524712966995,-0.009132113360560412,78.76850051879883,-0.06845400191975892,0.9464,-0.9863,0.1062,0.029,0.151,2.15,22.6533,Utilities,Utilities - Regulated Electric,-0.013980803050037858,0.013747463370867111
XYL,2026-06-08,110.78250122070312,0.007663259601489392,0.009959875603799517,0.022639152111094907,0.00895439589259528,-0.022097436795388115,109.83684844970703,0.14921741557509288,0.4466,-2.2097,0.0732,0.027,0.142,1.56,27.5578,Industrials,Specialty Industrial Machinery,-0.002119504794946975,0.013420762438794606
WAB,2026-06-08,263.135009765625,0.010503133384203833,0.0013509817641268462,0.027830943042121303,0.015040848643921969,-0.008486343528851137,261.3995025634766,0.16939560334246012,-0.654,-0.9824,0.0522,0.13,0.124,1.37,37.1158,Industrials,Railroads,0.01698363201946215,0.013228352730150661
WLY,2026-06-08,44.1150016784668,-0.0010189802785506297,0.026885535814911155,0.01088456222414691,0.018456930540784677,0.06583721500367745,43.11650047302246,0.4333938872138802,0.0113,6.5837,0.021,0.013,,13.05,15.4248,Communication Services,Publishing,0.015365604561446294,0.012250372586835812
YSS,2026-06-08,30.110000610351562,0.03328761980165673,-0.010840995989367275,0.011081259774921248,0.07359459062027615,-0.13452141943138096,31.397000122070313,-0.21009652758517677,-6.2046,-13.9692,0.0669,0.095,,,,Industrials,Aerospace & Defense,0.10295165266027123,0.011175961195736902
WWW,2026-06-08,16.635000228881836,0.0462264545902864,0.039687514305114746,-0.05267649573991062,0.03384218551366813,-0.003892247370542945,16.92849979400635,-0.33656353003718015,-1.8868,-0.3593,0.1062,0.11,0.669,2.36,13.5285,Consumer Cyclical,Footwear & Accessories,0.014179276160168812,0.011079157718496843
ZWS,2026-06-08,47.68000030517578,0.006544255441862656,0.005270925540616478,0.02054792507255443,0.014784725360518763,-0.06635324566130418,47.57400016784668,0.04188398642276604,0.7378,-6.4002,0.0348,0.114,0.351,1.66,38.8619,Industrials,Pollution & Treatment Controls,0.006954670414117677,0.010787702018344522
WY,2026-06-08,24.334999084472656,-0.005923221424636749,0.0030106321792995328,0.035161106356166316,0.01754380404781299,0.043079849164607165,24.182991409301756,0.22177030836662465,0.6921,4.3723,0.0803,-0.02,0.88,1.86,43.4821,Real Estate,REIT - Specialty,0.014740631106115747,0.0107495057036097
WTRG,2026-06-08,37.2400016784668,-0.003211962792407319,0.006486531850453892,0.02731039113011846,0.012065792067333301,0.003018948181726655,36.94500045776367,0.2083957883757531,0.459,0.2211,0.0553,0.1,-0.209,3.57,18.9847,Utilities,Utilities - Regulated Water,0.004079602147422165,0.010194986729388344
WRLD,2026-06-08,168.4600067138672,0.006933673884934155,0.013537091084253383,0.004472005068126839,0.019699251585898848,0.12531736905853874,166.3010009765625,0.1867007321925222,1.7393,12.5317,0.0477,0.073,-0.175,0.7,24.4499,Financial Services,Credit Services,-0.06015293647730931,0.008314256679104792
WRBY,2026-06-08,23.940000534057617,0.05369723844956398,-0.011560643568742313,-0.01804752427625389,0.03445564924789893,-0.18984767674603087,24.589999961853028,-0.27561433607850866,-4.6831,-19.0694,0.248,0.083,-0.085,,2391.5002,Healthcare,Medical Instruments & Supplies,0.02424968237505958,0.008029690201522591
YELP,2026-06-08,23.05500030517578,-0.0083870836483535,0.04700271688900881,-0.017263375750297016,0.03389469072357653,-0.1486336643231212,23.096499824523924,-0.01781036842211513,0.2167,-14.6233,0.0508,0.008,-0.273,0.57,10.6055,Communication Services,Internet Content & Information,0.00428959806079925,0.007117419163452765
ZD,2026-06-08,45.81999969482422,0.0002182563028481077,0.028738184844774972,-0.007795595668526056,0.033495352127033994,0.1170160698072853,45.63499984741211,0.08166279717145226,0.9357,11.7626,0.0885,-0.019,-0.082,1.52,39.1838,Communication Services,Advertising Agencies,-0.010728592395698624,0.0070536151596990075
WOR,2026-06-08,57.345001220703125,0.0006107109854025516,0.0069359166369094005,0.006405785914340711,0.008126271437095631,0.053361547892635475,56.8745002746582,0.17369304481764689,-0.5118,5.3362,0.0297,0.244,0.146,1.97,173.7727,Industrials,Metal Fabrication,-0.014348861391233004,0.0046508045122175545
WGS,2026-06-08,52.630001068115234,0.00804447406641473,-0.007355703249363743,0.012115405156062131,0.03917727991498351,0.2909001833992648,51.90500030517578,0.061365328644940174,-0.9411,29.09,0.0631,0.174,,,,Healthcare,Diagnostics & Research,-0.0052631777685581095,0.004268058657704373
WBS,2026-06-08,72.56999969482422,0.004151142461504387,0.005960636384999551,0.002625068369939365,0.007236471422366616,0.0008274383785153994,72.59700012207031,-0.015345490223731587,-0.0826,0.0552,0.0465,0.087,0.085,1.73,11.8926,Financial Services,Banks - Regional,-0.0054344904022379115,0.0042456157388144344
WEX,2026-06-08,148.41000366210938,0.0013494159583185006,0.017412823952460688,-0.00675943327006312,0.01824241373558162,0.04779726279041285,146.73800048828124,0.15869241498312983,0.0404,4.7797,0.0291,0.058,0.087,0.85,16.7128,Technology,Software - Infrastructure,0.002359627090917079,0.004000935546905356
WTI,2026-06-08,3.9100000858306885,0.056756766335297026,-0.024937690110564348,-0.020050106144070656,0.0612922581521821,0.05626609946816119,3.8910000562667846,0.032347186756835275,-2.8607,5.4915,0.0716,0.155,,0.73,,Energy,Oil & Gas E&P,-0.01670692053778673,0.003922990026887341
WHD,2026-06-08,57.97999954223633,0.024019792229026393,-0.013945573222174268,-0.0005171311871204898,0.026000782208046257,0.07351668378037335,58.95018119812012,-0.19791252715390428,-3.5114,7.3517,0.0236,0.385,-0.256,,54.1869,Energy,Oil & Gas Equipment & Services,-0.019688593611658343,0.0031856959399105453
WES,2026-06-08,43.970001220703125,-0.00901504892519156,-0.0013626518341390836,0.016882504946799326,0.015845203366904835,0.011037009052910385,44.1,-0.057340149028922864,0.8253,1.1267,0.1938,0.225,0.134,1.0796,14.4671,Energy,Oil & Gas Midstream,0.005372955335805665,0.002168268062489561
WH,2026-06-08,80.54499816894531,-0.017264530640965003,0.005430003186612575,0.018010558302525403,0.02408237719373144,-0.02570460925446405,81.01750030517579,-0.1346774151829988,-1.2396,-2.6612,0.064,0.035,0.0,0.67,31.9325,Consumer Cyclical,Lodging,-0.01501082046681177,0.0020586769493909918
WSR,2026-06-08,19.059999465942383,0.0,0.0010503439838980277,0.002630154469150492,0.0018027331817986915,0.004214959201027879,19.03199996948242,0.02270725752609894,0.2103,0.4215,0.0564,0.089,0.119,1.6684,19.8542,Real Estate,REIT - Retail,0.040470617808447004,0.0012268328176828398
YPF,2026-06-08,54.417301177978516,0.017145816410813364,-0.008792355819386533,-0.005895149627209828,0.023863376202568738,0.2843356750011097,53.318730163574216,0.25160909578623913,-1.6995,28.3219,0.0693,0.428,,0.1,,Energy,Oil & Gas Integrated,-0.023988426326336167,0.0008194369880723343
WSM,2026-06-08,204.86500549316406,-0.0005609827142735169,-0.010839626819426962,0.013480786146945922,0.014828497736520634,0.12501372117861198,204.17550048828124,0.06437837575052871,0.8095,12.8446,0.0447,0.044,0.0,2.7,23.037,Consumer Cyclical,Specialty Retail,-0.013067889376020138,0.0006933922044151478
ZTS,2026-06-08,78.23999786376953,-0.0151057973408526,0.008377388278873799,0.00876741009000237,0.013891888513869553,-0.055414751488804925,78.44099960327148,-0.010709574523558281,2.4611,-5.5053,0.1117,0.029,-0.002,1.9,12.8262,Healthcare,Drug Manufacturers - Specialty & Generic,0.018701729743871544,0.0006796670093411894
WST,2026-06-08,315.69500732421875,0.0037997053234299916,-0.0019442642949060174,-0.0019126793932916497,0.014266105196536252,-0.031372746938668095,316.57850036621096,-0.029239674305470063,1.13,-3.1365,0.039,0.21,0.546,3.03,42.1492,Healthcare,Medical Instruments & Supplies,-0.0060399988165342035,-1.9079454922558508e-05
WMG,2026-06-08,30.139999389648438,0.007016340873085225,0.024473124115817146,-0.031802113646243524,0.020357076282795043,-0.09155150789880229,31.31699981689453,-0.36143695911827173,-2.2403,-9.2456,0.0413,0.167,4.083,0.55,35.8452,Communication Services,Entertainment,-0.02351027589765699,-0.00010421621911371748
YUM,2026-06-08,148.80999755859375,-0.01365412358496898,0.0024925566633129392,0.008812982849765838,0.011099256192905199,-0.015872125291381156,149.35499877929686,-0.12478605460775861,1.5691,-1.5409,0.0763,0.152,0.708,1.87,24.0129,Consumer Cyclical,Restaurants,0.009643459603227513,-0.0007828613572967343
VVR,2026-06-08,3.0250000953674316,0.0049834235719934394,0.0049834235719934394,-0.014657927965435968,0.01162935937782442,0.004649677105536654,3.0274999856948854,-0.048377169276255724,-1.4658,0.465,0.0752,-0.188,,,33.6111,Financial Services,Asset Management,0.004653956323030015,-0.0015636936071496965
YUMC,2026-06-08,42.83000183105469,-0.0011660269546430735,-0.0025616394776938334,-0.0018643210590048032,0.010856837237379981,-0.08075320148456566,43.12700004577637,-0.1023089269139907,-1.256,-8.0431,0.0855,0.097,0.058,1.11,17.0697,Consumer Cyclical,Restaurants,0.0035454070634856716,-0.0018639958304472366
WYNN,2026-06-08,104.9000015258789,0.004019890461818498,-0.0004763737381330291,-0.015300828612557438,0.020980200353378085,0.026904550540725936,103.09300079345704,0.48258142103662355,0.3154,2.7394,0.0366,0.092,0.656,1.76,30.0716,Consumer Cyclical,Resorts & Casinos,0.003898913574317958,-0.0039191039629573226
WIW,2026-06-08,8.449999809265137,-0.0011820601461872693,-0.0023613290594013403,-0.010538659600691891,0.0038739317080045913,-0.004316163074977064,8.491999912261964,-0.5500300979670945,-1.0539,-0.4316,0.3159,0.243,1.02,0.1167,11.9014,Financial Services,Asset Management,0.0036491575819872844,-0.0046940162687601665
XPER,2026-06-08,7.525000095367432,0.014150945821274297,0.006016052965133412,-0.03525642162087217,0.03172457743459866,-0.06288912258990875,7.7825000286102295,-0.28413913210642294,-5.8198,-6.2889,0.0396,0.002,,,,Technology,Software - Application,-0.03330097211826506,-0.005029807611488153
ZVRA,2026-06-08,10.9399995803833,0.03110272708617612,-0.0018248592786550555,-0.04786772860669419,0.03719364965196475,-0.017071027143215955,11.030999851226806,-0.12724083704054834,0.3676,-1.8868,0.1562,0.775,,10.67,5.4229,Healthcare,Biotechnology,-0.033998168317882965,-0.006196620266391044
WIT,2026-06-08,2.190000057220459,0.042857217464320696,0.028168985706974903,-0.09128631567429968,0.07161464222004989,0.12307692495793754,2.2009999990463256,-0.08384512571107665,-0.5566,12.7026,0.0723,0.077,-0.019,1.37,16.9054,Technology,Information Technology Services,0.02123899238130121,-0.006753370834334693
YSWY,2026-06-08,21.7450008392334,-0.019612238952083083,0.018978476276926948,-0.022257146446898468,0.04597259269803192,-0.1561893499042477,21.852500343322752,,8.725,-15.6189,0.024,0.111,2.793,,,Consumer Defensive,Grocery Stores,0.033454332885940456,-0.0076303030406848675
WNC,2026-06-08,7.559999942779541,0.029972722836263843,-0.044247776407616124,-0.01047119438535471,0.03722570001668777,0.012048213536239194,7.855999994277954,-0.3897034652371821,-2.9525,1.2048,0.0374,-0.204,,0.73,,Industrials,Farm & Heavy Construction Machinery,0.03583085480335799,-0.00824874931890233
WBTN,2026-06-08,11.680000305175781,0.017421669940284046,0.02726476893024654,-0.07006370103829773,0.02823218866887214,-0.12048188704574891,11.905999851226806,-0.1522156265706985,-2.6689,-12.1235,0.0654,-0.015,,,,Communication Services,Internet Content & Information,-0.03863699731171113,-0.008459087389255715
WPP,2026-06-08,17.65999984741211,-0.002259938632946157,0.031614749033389566,-0.05484543348070681,0.0324271908425882,-0.04288773796973977,18.008189964294434,-0.2875228917049729,-3.4713,-4.2346,0.0845,-0.083,,4.23,,Communication Services,Advertising Agencies,-0.013882758803560264,-0.0084968743600878
ZTO,2026-06-08,22.229999542236328,-0.002244216466256721,-0.01810953438450935,-0.007589289249510189,0.008599483953267638,-0.11257484154538955,22.42199993133545,-0.17457197813852432,-1.5494,-11.2176,0.0731,0.22,0.063,1.2,13.1598,Industrials,Integrated Freight & Logistics,0.034174207294239645,-0.009314346700092088
WFRD,2026-06-08,100.29000091552734,0.03210870438792668,-0.03650682636233327,-0.02356146617190613,0.025155619544470126,-0.019839706659025347,103.42299957275391,-0.42715765619744306,-3.3263,-2.0035,0.0434,-0.034,0.421,2.05,15.6917,Energy,Oil & Gas Equipment & Services,0.007405684842172114,-0.009319862715437574
WLK,2026-06-08,84.87999725341797,0.002835513533792522,-0.017478899721018015,-0.017365131369469267,0.0057757659421916905,-0.09014583652282238,86.49199905395508,-0.12933272307047897,-2.2458,-9.0146,0.0355,-0.068,,1.7,,Basic Materials,Specialty Chemicals,0.0013030288737450645,-0.010669505852231587
WDI,2026-06-08,13.279999732971191,0.004538537422879241,-0.011169066924501925,-0.02567867780858657,0.008857280842993327,-0.031137746632138086,13.5,-0.7020756906276338,-1.7024,-3.1138,0.4483,,,,9.6232,Financial Services,Asset Management,0.004492868283635911,-0.010769735770069752
ZYME,2026-06-08,24.02750015258789,-0.0005199984385765299,-0.013244362374928653,-0.02088430088913218,0.023389591056460567,0.005755578336223532,24.696750259399415,-0.4189594712344978,-0.3526,0.5651,0.064,-0.911,,,,Healthcare,Biotechnology,0.0071096859883068245,-0.01154955390087912
WDS,2026-06-08,21.66469955444336,0.015691497043341274,-0.029359325687303484,-0.02367286917402356,0.021019176438465598,0.004390350531245701,21.938470077514648,-0.3118337398879232,-3.7761,0.4172,0.0429,-0.111,-0.143,1.33,15.2535,Energy,Oil & Gas E&P,-0.0006358254096824767,-0.012446899272661923
WAT,2026-06-08,369.6300048828125,0.011687157057282072,-0.02670033026357521,-0.022556586356812458,0.03129228338357369,0.04083011798674896,367.2380004882813,0.089829874235422,-0.6238,4.0773,0.0371,0.914,,1.62,47.0241,Healthcare,Diagnostics & Research,0.006814894341745141,-0.012523253187701866
WMS,2026-06-08,130.8249969482422,0.005186347164139571,-0.012716003535165998,-0.03556945938327272,0.01842220256337398,-0.08510268675516341,135.28435516357422,-0.6187531202970572,-3.5641,-8.5103,0.0448,0.099,-0.574,1.18,24.0046,Industrials,Building Products & Equipment,0.009023268463045877,-0.014366371918099715
WGO,2026-06-08,28.1200008392334,0.0151624572103215,-0.029005465186276003,-0.03168044239978074,0.016054931912712105,-0.11433068222886933,29.090000343322753,-0.5533263741437379,-3.8422,-11.3228,0.0728,0.06,,0.16,19.1531,Consumer Cyclical,Recreational Vehicles,0.0590211585865866,-0.015174483458578414
WS,2026-06-08,41.459999084472656,-0.0014451197646795366,-0.017302668072953886,-0.028357139357771954,0.022653950627093807,0.02547610120015298,42.235999298095706,-0.18094435546064097,-5.3425,2.5476,0.0464,0.12,-0.246,,17.275,Basic Materials,Steel,0.02433396505082353,-0.015701642398468458
WCC,2026-06-08,355.20001220703125,0.002511965946685679,-0.05158596970356999,-0.001377576628557975,0.0230476612776762,-0.00030954758469570187,364.36700134277345,-0.22698988143440008,-3.9638,0.4419,0.0948,0.138,0.299,2.34,25.3646,Industrials,Industrial Distribution,-0.035871032656742775,-0.016817193461814095
ZG,2026-06-08,35.189998626708984,-0.0056513355860060566,-0.011239154935766993,-0.03430296506882424,0.017128246361046564,-0.16094421127857028,35.89099960327148,-0.19429163888001938,-3.6222,-15.9394,0.0978,0.184,4.75,0.92,141.02,Communication Services,Internet Content & Information,0.05987401514721455,-0.017064485196865764
WDH,2026-06-08,1.4198999404907227,0.01421426047962493,-0.027465819594871377,-0.04060816068123274,0.029120932491906882,-0.08980769706901026,1.482989990711212,-0.8113562157058313,-5.9669,-8.9808,0.0968,1.055,0.627,0.1029,6.4541,Financial Services,Insurance - Diversified,0.0921084343982924,-0.01795323993215973
WBD,2026-06-08,26.30500030517578,0.0024771545207542545,-0.02574072943793404,-0.03467888788345752,0.009997360127035986,-0.029693850499892815,26.916500091552734,-2.354900008634763,-3.2461,-2.9963,0.1009,-0.01,,216.92,,Communication Services,Entertainment,0.01227637611096532,-0.019314154266879102
WING,2026-06-08,144.9499969482422,0.01912396331582311,0.006247788111195085,-0.08352305518460179,0.037528724733568816,0.12066375025334386,149.21600036621095,-0.1782103721989748,-3.9801,12.0973,0.0433,0.074,-0.676,2.1,35.8,Consumer Cyclical,Restaurants,-0.0068998105385119045,-0.019383767919194533
Z,2026-06-08,34.89500045776367,-0.004706243840966962,-0.017319005712162938,-0.03737929771686421,0.018889368414818086,-0.15773593529507413,35.62349967956543,-0.19454466003930385,-3.8768,-15.6167,0.1042,0.184,4.75,0.93,139.84,Communication Services,Internet Content & Information,0.0779479659811027,-0.019801515756664705
WB,2026-06-08,7.699999809265137,0.0,-0.026548677901135243,-0.03629536547689327,0.013915151157501198,-0.09305064583635214,7.9029998779296875,-0.6666909166866882,-4.0473,-9.2462,0.1603,0.062,-0.675,0.79,5.3881,Communication Services,Internet Content & Information,0.004732765710083512,-0.02094801445934284
XYZ,2026-06-08,69.66000366210938,0.022157037452993578,-0.0020057218270409516,-0.08462542629618752,0.0326795479076872,-0.06933860945643344,71.94100036621094,-0.40299170708025456,-5.9879,-6.8671,0.1245,0.049,,0.76,54.4609,Technology,Software - Infrastructure,-0.020737207033952453,-0.021491370223411632
XMTR,2026-06-08,83.61000061035156,0.03657323102289878,0.01653496182798242,-0.12220471800155841,0.04250599811617643,0.04499435543060604,88.72799987792969,-0.23912891109281303,-1.6353,4.4994,0.0961,0.359,,,,Industrials,Industrial Distribution,0.0016612245375336198,-0.02303217505022574
YALA,2026-06-08,5.385000228881836,0.017958462705835565,-0.026220610384305676,-0.07155171520786563,0.01446487241696038,-0.2329059482175222,5.715500068664551,-0.7692755603214785,-4.7788,-23.3618,0.032,-0.058,-0.22,0.59,6.8101,Technology,Software - Application,0.03464586076115869,-0.026604620962111913
WFG,2026-06-08,65.38999938964844,-0.009242433490175173,-0.037107997887901534,-0.03412108807567282,0.020507790298469237,0.05740619709413086,66.84299926757812,-0.5817540467196094,-2.5309,5.87,0.0458,-0.086,,,,Basic Materials,Lumber & Wood Production,0.00959567488168509,-0.02682383981791651
VYX,2026-06-08,6.974999904632568,0.009406665507351919,-0.024475550825271752,-0.06875832873473009,0.0301953099379753,-0.16467070826590036,7.003499984741211,-0.06309180983547052,-4.0578,-16.4671,0.0497,-0.01,,2.68,24.9107,Technology,Information Technology Services,-0.012628342815879432,-0.027942404684216642
W,2026-06-08,68.06500244140625,-0.004169656753141737,-0.018953514904426427,-0.06246551140536705,0.03732336746012936,0.027241174871451168,71.32949981689453,-0.5258431330621969,-5.7246,2.8977,0.0618,0.074,,23.5,,Consumer Cyclical,Internet Retail,-0.00047753155560603335,-0.028529561020978405
WT,2026-06-08,18.09000015258789,-0.004950503359577363,-0.028464052779673676,-0.05535245363225416,0.022777056371859106,-0.05135932684747413,18.751000022888185,-0.336170350038396,-4.591,-5.1884,0.0497,0.475,,1.54,44.0976,Financial Services,Asset Management,-0.02846663896571812,-0.0295890032571684
YOU,2026-06-08,54.29999923706055,-0.004035238790461082,-0.03174041611761236,-0.05450115012158807,0.036803448175187985,-0.044182398795197586,56.466000366210935,-0.5009385259591361,-4.5967,-4.6471,0.0837,0.197,0.527,0.8223,43.336,Technology,Software - Application,0.024217635719517225,-0.030092268343220503
VZ,2026-06-08,45.119998931884766,-0.005510249192981709,-0.032797482185405236,-0.054682602878342146,0.014471448465423226,-0.04447272838903771,47.015999984741214,-1.3492735859652705,-5.6089,-4.3096,0.0929,0.029,0.034,0.85,11.0207,Communication Services,Telecom Services,0.018712240244255465,-0.030996778085576365
WHR,2026-06-08,39.5,0.0007600399890825837,-0.02972240510155566,-0.06927423944021383,0.019612056605908472,-0.1214412632485643,41.76399955749512,-0.3443402709976897,-3.6942,-12.1552,0.0781,-0.096,,1.04,13.3881,Consumer Cyclical,"Furnishings, Fixtures & Appliances",0.00847752059952186,-0.03274553485089563
WDAY,2026-06-08,144.3000030517578,0.00013864896472259858,-0.017699053456453395,-0.08223617011468598,0.053854586012122695,0.12884300230606693,141.42199935913087,0.31483150062757953,-3.0024,12.9704,0.0935,0.135,2.265,0.57,45.1281,Technology,Software - Application,-0.041746586927260874,-0.033265524868805595
XZO,2026-06-08,13.149999618530273,-0.005295056511694596,0.004583610790143577,-0.09931511815436589,0.04472852487519984,-0.025203866446004253,13.570000171661377,-0.3052949413302569,-8.6171,-2.5204,0.0586,0.099,0.137,1.0211,13.9894,Financial Services,Insurance - Diversified,0.020527171282623036,-0.03334218795863897
ZBIO,2026-06-08,17.06999969482422,-0.022896372882196037,-0.0189655132724611,-0.06053937131815845,0.03482492414587607,-0.13085538567678245,17.9399995803833,-0.4741423887562498,-0.2627,-13.0092,0.0824,,,,,Healthcare,Biotechnology,-0.016769768847220288,-0.03413375249093853
XIFR,2026-06-08,11.6899995803833,0.0060240701818949915,-0.04882021019789018,-0.061044196026111885,0.028407808059301563,-0.0034100565570356345,12.082999897003173,-0.4962640208917883,-7.9875,0.1705,0.0315,-0.025,,4.17,9.6311,Utilities,Utilities - Renewable,-0.003351315319777367,-0.03461344534736902
XPEV,2026-06-08,16.260000228881836,0.019435763217791724,-0.06872846039596825,-0.05465119141639929,0.03688261538204296,0.04097313367552857,16.746000003814697,-0.4047072277569195,-9.1671,4.0333,0.1509,-0.176,,,,Consumer Cyclical,Auto Manufacturers,0.022352057273249192,-0.034647962864858606
XP,2026-06-08,15.220000267028809,-0.007822678250680282,-0.024358981099275923,-0.08313253510411878,0.016422215883797005,-0.20605111077437066,16.25850009918213,-0.7044035576786289,-6.1111,-20.6573,0.1033,0.097,0.06,1.2934,7.7602,Financial Services,Capital Markets,0.03321014792346824,-0.038438064818024996
WF,2026-06-08,57.85499954223633,-0.044824173126418065,-0.04403504453684237,-0.026992929144788014,0.022144607002800864,-0.17255433270402465,60.83949928283691,-0.7754462928484117,-6.0795,-17.2554,0.4827,0.059,-0.02,2.58,7.2957,Financial Services,Banks - Regional,-0.0007039287118716952,-0.038617382269349486
YMM,2026-06-08,8.545000076293945,-0.0052386583812095155,-0.059956002986291,-0.05266079349928254,0.03111547767209323,-0.030079492701577393,8.852500057220459,-0.9273279895614178,-10.0421,-2.8944,0.0682,0.055,-0.219,,14.5,Technology,Software - Application,-0.024040775504691626,-0.03928515162226102
WK,2026-06-08,48.470001220703125,-0.013433743803446418,-0.027487939961686192,-0.08252887486724736,0.03785151342172021,-0.05498147093950434,49.445000076293944,-0.19951305834691577,-6.6808,-5.4981,0.0618,0.199,,,201.9583,Technology,Software - Application,0.0035397427546625636,-0.041150186210793326
ZBRA,2026-06-08,232.6649932861328,0.002391076103234857,-0.06672687349374551,-0.06919112243236669,0.022509647141409326,0.02935448631893567,246.0434997558594,-0.7670580444884354,-8.558,2.9354,0.0626,0.143,-0.007,0.5,28.0657,Technology,Communication Equipment,0.0011881603551901143,-0.04450897327429245
WOOF,2026-06-08,2.8399999141693115,0.0035335656299810836,-0.06885247260003746,-0.07189543553075795,0.036530733057135056,0.010676146619453597,2.9324999809265138,-0.419003634456183,-4.0439,1.0783,0.1636,0.002,,,142.015,Consumer Cyclical,Specialty Retail,-0.001700118653449104,-0.045738114166938106
WEAV,2026-06-08,5.65500020980835,-0.006151115476298763,-0.004401341423558747,-0.12731478500567894,0.04455293409013723,-0.04797977182940827,5.82950005531311,-0.3328357667353917,-6.136,-4.7138,0.0564,0.174,,,,Healthcare,Health Information Services,-0.04264553239105932,-0.045955747301845484
WAY,2026-06-08,19.489999771118164,-0.025500011444091752,-0.0017925658435810066,-0.11085767776998223,0.04808401971631296,-0.08840034910369332,20.005499649047852,-0.2090996233566488,-6.3401,-8.7933,0.0513,0.224,0.479,0.6076,29.1045,Healthcare,Health Information Services,0.010839636837666531,-0.04605008501921833
ZM,2026-06-08,101.18000030517578,-0.004329880235326544,-0.04726927295028982,-0.09353164472777209,0.042675649136004926,-0.07352805463431755,103.98099899291992,-0.24426756068907676,-9.5951,-7.3849,0.0777,0.055,0.672,4.21,14.8962,Technology,Software - Application,-0.008340791334603836,-0.048376932637796154
WDC,2026-06-08,521.4500122070312,0.01901432612193643,-0.12207172254733945,-0.045064118155171196,0.05236504772783603,0.08663744694598385,542.8573944091797,-0.22657661730309134,-7.6513,8.3366,0.1625,0.455,5.163,0.46,31.0747,Technology,Computer Hardware,0.017099821846617024,-0.049373838193524734
WEN,2026-06-08,6.730000019073486,0.002980623071954014,-0.017518231712372434,-0.14267514639052792,0.039030384872068676,-0.06100967868706919,7.160363626480103,-1.0465910188718361,-6.5534,-5.9963,0.0746,0.033,-0.421,1.16,8.75,Consumer Cyclical,Restaurants,-0.0016267247625072435,-0.052404251676982115
YEXT,2026-06-08,3.8550000190734863,-0.008997451127716771,0.00652744017374296,-0.1601307427190397,0.057928958478689486,-0.041044766824849255,4.027500009536743,-0.3404232069462259,-8.4323,-4.1045,0.0433,-0.014,2.409,0.2,48.1875,Technology,Software - Infrastructure,-0.09191545865863851,-0.05420025122433784
WPM,2026-06-08,115.94000244140625,-0.0024950607171263517,-0.07210880133569053,-0.09998450667989522,0.039656200751074164,-0.1637464584457079,126.45250091552734,-1.1452414377821105,-10.9124,-16.2665,0.1125,0.916,1.292,0.43,29.3899,Basic Materials,Gold,-0.0034445876910134876,-0.058196122910904036
ZS,2026-06-08,130.38999938964844,-0.0029821027166898606,-0.02961967605988236,-0.16261002011737635,0.11720451631091551,-0.14290412670341157,141.1439987182617,-0.7304080361207649,-9.5838,-14.3266,0.2026,0.254,,1.42,,Technology,Software - Infrastructure,-0.0599289827940985,-0.06507059963131619
WU,2026-06-08,7.315000057220459,-0.022058818373300593,-0.07405063684619662,-0.10245393869851416,0.011103792430073806,-0.19349500514374296,7.918499946594238,-1.1824213814787212,-8.2811,-19.4046,0.2862,-0.001,-0.476,2.01,5.375,Financial Services,Credit Services,0.06034216918023307,-0.06618779797267045
ZETA,2026-06-08,21.8700008392334,-0.006811971635422354,-0.06016328281004335,-0.13283102955308979,0.06466051385041138,0.27596275484359745,22.295999908447264,-0.1792141243739097,-13.3069,27.713,0.1348,0.499,,0.77,,Technology,Software - Infrastructure,-0.03350606631269723,-0.06660209466618516
XXI,2026-06-08,5.864999771118164,0.03989360105654938,-0.08644864463867186,-0.1820084088270072,0.04104705536004726,-0.3196055859648347,6.717500019073486,-1.035378368549991,-11.8771,-31.8121,0.17,,,,,Financial Services,Shell Companies,-0.010241741114973509,-0.07618781746970989
XE,2026-06-08,22.260000228881836,0.03921569325844865,-0.15264560940259697,-0.1580938056257406,0.05561031743755261,-0.262425447190459,25.93300018310547,,-19.3256,-26.2757,0.0739,0.43,,,,Industrials,Specialty Industrial Machinery,0.03758854248723254,-0.09050790725662965
ZUMZ,2026-06-08,18.850000381469727,0.08395635670294332,-0.18433579040987447,-0.19168093361281613,0.09222457429936241,-0.2484050861717756,22.857999801635742,-2.493278714244884,-18.8602,-24.7807,0.2419,0.049,,0.96,25.1467,Consumer Cyclical,Apparel Retail,0.01557534855741028,-0.0973534557732491
WIX,2026-06-08,49.83000183105469,-0.0488642410463469,-0.09523375141583623,-0.2032299152288154,0.06035489558015655,-0.3780579115971078,54.81050071716309,-0.37036367461224523,-12.6774,-37.7996,0.328,0.143,,0.12,,Technology,Software - Infrastructure,0.06870583737682771,-0.11577596923033284
WLTH,2026-06-08,8.880000114440918,-0.09847718065611633,-0.2448979641486584,-0.2715340098345027,0.05477355978869619,-0.2258064596592032,11.464000034332276,-1.9397175345875701,-27.5386,-22.2319,1.269,0.071,-0.505,,,Technology,Software - Application,0.0706864872462411,-0.20496971821309248
